order_id,customer_id,order_date,order_status,sales_channel
1001,8,2026-01-01,Completed,Web
1002,15,2026-01-03,Completed,Store
1003,2,2026-01-05,Completed,Mobile
1004,9,2026-01-07,Shipped,Web
1005,16,2026-01-09,Cancelled,Store
1006,3,2026-01-11,Completed,Mobile
1007,10,2026-01-13,Completed,Web
1008,17,2026-01-15,Completed,Store
1009,4,2026-01-17,Shipped,Mobile
1010,11,2026-01-19,Cancelled,Web
1011,18,2026-01-21,Completed,Store
1012,5,2026-01-23,Completed,Mobile
1013,12,2026-01-25,Completed,Web
1014,19,2026-01-27,Shipped,Store
1015,6,2026-01-29,Cancelled,Mobile
1016,13,2026-01-31,Completed,Web
1017,20,2026-02-02,Completed,Store
1018,7,2026-02-04,Completed,Mobile
1019,14,2026-02-06,Shipped,Web
1020,1,2026-02-08,Cancelled,Store
