order_item_id,order_id,product_id,quantity,unit_price,discount_pct
91,1046,4,3,620.0,10
92,1046,9,4,1046.25,15
93,1046,14,1,1472.5,0
94,1047,7,4,875.75,15
95,1048,10,1,1131.5,0
96,1048,15,2,1557.75,5
97,1049,13,2,1387.25,5
98,1049,3,3,534.75,10
99,1049,8,4,961.0,15
100,1050,1,3,364.25,10
101,1051,4,4,620.0,15
102,1051,9,1,1046.25,0
103,1052,7,1,875.75,0
104,1052,12,2,1302.0,5
105,1052,2,3,449.5,10
106,1053,10,2,1131.5,5
107,1054,13,3,1387.25,10
108,1054,3,4,534.75,15
109,1055,1,4,364.25,15
110,1055,6,1,790.5,0
111,1055,11,2,1216.75,5
112,1056,4,1,620.0,0
113,1057,7,2,875.75,5
114,1057,12,3,1302.0,10
115,1058,10,3,1131.5,10
116,1058,15,4,1557.75,15
117,1058,5,1,705.25,0
118,1059,13,4,1387.25,15
119,1060,1,1,364.25,0
120,1060,6,2,790.5,5
22,1011,4,4,620.0,15
